"filename", "language", "JavaScript", "JSON", "Markdown", "YAML", "JavaScript React", "SCSS", "HTML", "XML", "CSS", "Less", "comment", "blank", "total"
"/Users/alexeimairyn/Desktop/MakeLite/lims-admin/.pre-commit-config.yaml", "YAML", 0, 0, 0, 4, 0, 0, 0, 0, 0, 0, 0, 1, 5
"/Users/alexeimairyn/Desktop/MakeLite/lims-admin/.prettierrc", "JSON", 0, 7, 0, 0, 0, 0, 0, 0, 0, 0, 0, 1, 8
"/Users/alexeimairyn/Desktop/MakeLite/lims-admin/.stylelintrc.json", "JSON", 0, 11, 0, 0, 0, 0, 0, 0, 0, 0, 0, 1, 12
"/Users/alexeimairyn/Desktop/MakeLite/lims-admin/.versionrc.json", "JSON", 0, 14, 0, 0, 0, 0, 0, 0, 0, 0, 0, 1, 15
"/Users/alexeimairyn/Desktop/MakeLite/lims-admin/CHANGELOG.md", "Markdown", 0, 0, 545, 0, 0, 0, 0, 0, 0, 0, 0, 96, 641
"/Users/alexeimairyn/Desktop/MakeLite/lims-admin/README.md", "Markdown", 0, 0, 1, 0, 0, 0, 0, 0, 0, 0, 0, 2, 3
"/Users/alexeimairyn/Desktop/MakeLite/lims-admin/commitlint.config.js", "JavaScript", 3, 0, 0, 0, 0, 0, 0, 0, 0, 0, 0, 1, 4
"/Users/alexeimairyn/Desktop/MakeLite/lims-admin/config-overrides.js", "JavaScript", 19, 0, 0, 0, 0, 0, 0, 0, 0, 0, 1, 2, 22
"/Users/alexeimairyn/Desktop/MakeLite/lims-admin/jsconfig.json", "JSON", 0, 7, 0, 0, 0, 0, 0, 0, 0, 0, 0, 1, 8
"/Users/alexeimairyn/Desktop/MakeLite/lims-admin/package.json", "JSON", 0, 123, 0, 0, 0, 0, 0, 0, 0, 0, 0, 1, 124
"/Users/alexeimairyn/Desktop/MakeLite/lims-admin/public/favicon.svg", "XML", 0, 0, 0, 0, 0, 0, 0, 3, 0, 0, 0, 0, 3
"/Users/alexeimairyn/Desktop/MakeLite/lims-admin/public/index.html", "HTML", 0, 0, 0, 0, 0, 0, 35, 0, 0, 0, 0, 3, 38
"/Users/alexeimairyn/Desktop/MakeLite/lims-admin/public/manifest.json", "JSON", 0, 15, 0, 0, 0, 0, 0, 0, 0, 0, 0, 0, 15
"/Users/alexeimairyn/Desktop/MakeLite/lims-admin/public/resources/fonts/font-awesome/css/font-awesome.css", "CSS", 0, 0, 0, 0, 0, 0, 0, 0, 2327, 0, 10, 1, 2338
"/Users/alexeimairyn/Desktop/MakeLite/lims-admin/public/resources/fonts/font-awesome/css/font-awesome.min.css", "CSS", 0, 0, 0, 0, 0, 0, 0, 0, 1, 0, 3, 1, 5
"/Users/alexeimairyn/Desktop/MakeLite/lims-admin/public/resources/fonts/font-awesome/fonts/fontawesome-webfont.svg", "XML", 0, 0, 0, 0, 0, 0, 0, 2671, 0, 0, 0, 1, 2672
"/Users/alexeimairyn/Desktop/MakeLite/lims-admin/public/resources/fonts/font-awesome/less/animated.less", "Less", 0, 0, 0, 0, 0, 0, 0, 0, 0, 28, 2, 5, 35
"/Users/alexeimairyn/Desktop/MakeLite/lims-admin/public/resources/fonts/font-awesome/less/bordered-pulled.less", "Less", 0, 0, 0, 0, 0, 0, 0, 0, 0, 17, 3, 6, 26
"/Users/alexeimairyn/Desktop/MakeLite/lims-admin/public/resources/fonts/font-awesome/less/core.less", "Less", 0, 0, 0, 0, 0, 0, 0, 0, 0, 8, 2, 3, 13
"/Users/alexeimairyn/Desktop/MakeLite/lims-admin/public/resources/fonts/font-awesome/less/fixed-width.less", "Less", 0, 0, 0, 0, 0, 0, 0, 0, 0, 4, 2, 1, 7
"/Users/alexeimairyn/Desktop/MakeLite/lims-admin/public/resources/fonts/font-awesome/less/font-awesome.less", "Less", 0, 0, 0, 0, 0, 0, 0, 0, 0, 13, 4, 2, 19
"/Users/alexeimairyn/Desktop/MakeLite/lims-admin/public/resources/fonts/font-awesome/less/icons.less", "Less", 0, 0, 0, 0, 0, 0, 0, 0, 0, 786, 2, 2, 790
"/Users/alexeimairyn/Desktop/MakeLite/lims-admin/public/resources/fonts/font-awesome/less/larger.less", "Less", 0, 0, 0, 0, 0, 0, 0, 0, 0, 9, 3, 2, 14
"/Users/alexeimairyn/Desktop/MakeLite/lims-admin/public/resources/fonts/font-awesome/less/list.less", "Less", 0, 0, 0, 0, 0, 0, 0, 0, 0, 16, 2, 2, 20
"/Users/alexeimairyn/Desktop/MakeLite/lims-admin/public/resources/fonts/font-awesome/less/mixins.less", "Less", 0, 0, 0, 0, 0, 0, 0, 0, 0, 41, 10, 10, 61
"/Users/alexeimairyn/Desktop/MakeLite/lims-admin/public/resources/fonts/font-awesome/less/path.less", "Less", 0, 0, 0, 0, 0, 0, 0, 0, 0, 11, 3, 2, 16
"/Users/alexeimairyn/Desktop/MakeLite/lims-admin/public/resources/fonts/font-awesome/less/rotated-flipped.less", "Less", 0, 0, 0, 0, 0, 0, 0, 0, 0, 12, 4, 5, 21
"/Users/alexeimairyn/Desktop/MakeLite/lims-admin/public/resources/fonts/font-awesome/less/screen-reader.less", "Less", 0, 0, 0, 0, 0, 0, 0, 0, 0, 2, 2, 2, 6
"/Users/alexeimairyn/Desktop/MakeLite/lims-admin/public/resources/fonts/font-awesome/less/stacked.less", "Less", 0, 0, 0, 0, 0, 0, 0, 0, 0, 17, 2, 2, 21
"/Users/alexeimairyn/Desktop/MakeLite/lims-admin/public/resources/fonts/font-awesome/less/variables.less", "Less", 0, 0, 0, 0, 0, 0, 0, 0, 0, 794, 3, 4, 801
"/Users/alexeimairyn/Desktop/MakeLite/lims-admin/public/resources/fonts/font-awesome/scss/_animated.scss", "SCSS", 0, 0, 0, 0, 0, 28, 0, 0, 0, 0, 2, 5, 35
"/Users/alexeimairyn/Desktop/MakeLite/lims-admin/public/resources/fonts/font-awesome/scss/_bordered-pulled.scss", "SCSS", 0, 0, 0, 0, 0, 17, 0, 0, 0, 0, 3, 6, 26
"/Users/alexeimairyn/Desktop/MakeLite/lims-admin/public/resources/fonts/font-awesome/scss/_core.scss", "SCSS", 0, 0, 0, 0, 0, 8, 0, 0, 0, 0, 2, 3, 13
"/Users/alexeimairyn/Desktop/MakeLite/lims-admin/public/resources/fonts/font-awesome/scss/_fixed-width.scss", "SCSS", 0, 0, 0, 0, 0, 4, 0, 0, 0, 0, 2, 1, 7
"/Users/alexeimairyn/Desktop/MakeLite/lims-admin/public/resources/fonts/font-awesome/scss/_icons.scss", "SCSS", 0, 0, 0, 0, 0, 786, 0, 0, 0, 0, 2, 2, 790
"/Users/alexeimairyn/Desktop/MakeLite/lims-admin/public/resources/fonts/font-awesome/scss/_larger.scss", "SCSS", 0, 0, 0, 0, 0, 9, 0, 0, 0, 0, 3, 2, 14
"/Users/alexeimairyn/Desktop/MakeLite/lims-admin/public/resources/fonts/font-awesome/scss/_list.scss", "SCSS", 0, 0, 0, 0, 0, 16, 0, 0, 0, 0, 2, 2, 20
"/Users/alexeimairyn/Desktop/MakeLite/lims-admin/public/resources/fonts/font-awesome/scss/_mixins.scss", "SCSS", 0, 0, 0, 0, 0, 41, 0, 0, 0, 0, 10, 10, 61
"/Users/alexeimairyn/Desktop/MakeLite/lims-admin/public/resources/fonts/font-awesome/scss/_path.scss", "SCSS", 0, 0, 0, 0, 0, 11, 0, 0, 0, 0, 3, 2, 16
"/Users/alexeimairyn/Desktop/MakeLite/lims-admin/public/resources/fonts/font-awesome/scss/_rotated-flipped.scss", "SCSS", 0, 0, 0, 0, 0, 12, 0, 0, 0, 0, 4, 5, 21
"/Users/alexeimairyn/Desktop/MakeLite/lims-admin/public/resources/fonts/font-awesome/scss/_screen-reader.scss", "SCSS", 0, 0, 0, 0, 0, 2, 0, 0, 0, 0, 2, 2, 6
"/Users/alexeimairyn/Desktop/MakeLite/lims-admin/public/resources/fonts/font-awesome/scss/_stacked.scss", "SCSS", 0, 0, 0, 0, 0, 17, 0, 0, 0, 0, 2, 2, 21
"/Users/alexeimairyn/Desktop/MakeLite/lims-admin/public/resources/fonts/font-awesome/scss/_variables.scss", "SCSS", 0, 0, 0, 0, 0, 794, 0, 0, 0, 0, 3, 4, 801
"/Users/alexeimairyn/Desktop/MakeLite/lims-admin/public/resources/fonts/font-awesome/scss/font-awesome.scss", "SCSS", 0, 0, 0, 0, 0, 13, 0, 0, 0, 0, 4, 2, 19
"/Users/alexeimairyn/Desktop/MakeLite/lims-admin/public/resources/fonts/font-feathericons/README.md", "Markdown", 0, 0, 16, 0, 0, 0, 0, 0, 0, 0, 0, 14, 30
"/Users/alexeimairyn/Desktop/MakeLite/lims-admin/public/resources/fonts/font-feathericons/demo/demo.css", "CSS", 0, 0, 0, 0, 0, 0, 0, 0, 151, 0, 0, 2, 153
"/Users/alexeimairyn/Desktop/MakeLite/lims-admin/public/resources/fonts/font-feathericons/demo/demo.js", "JavaScript", 28, 0, 0, 0, 0, 0, 0, 0, 0, 0, 0, 3, 31
"/Users/alexeimairyn/Desktop/MakeLite/lims-admin/public/resources/fonts/font-feathericons/demo/index.html", "HTML", 0, 0, 0, 0, 0, 0, 4024, 0, 0, 0, 2, 269, 4295
"/Users/alexeimairyn/Desktop/MakeLite/lims-admin/public/resources/fonts/font-feathericons/dist/feather.css", "CSS", 0, 0, 0, 0, 0, 0, 0, 0, 818, 0, 2, 4, 824
"/Users/alexeimairyn/Desktop/MakeLite/lims-admin/public/resources/fonts/font-feathericons/dist/fonts/Feather.svg", "XML", 0, 0, 0, 0, 0, 0, 0, 276, 0, 0, 0, 0, 276
"/Users/alexeimairyn/Desktop/MakeLite/lims-admin/public/resources/fonts/font-feathericons/selection.json", "JSON", 0, 6954, 0, 0, 0, 0, 0, 0, 0, 0, 0, 0, 6954
"/Users/alexeimairyn/Desktop/MakeLite/lims-admin/public/resources/fonts/font-icomoon/demo-files/demo.css", "CSS", 0, 0, 0, 0, 0, 0, 0, 0, 151, 0, 0, 2, 153
"/Users/alexeimairyn/Desktop/MakeLite/lims-admin/public/resources/fonts/font-icomoon/demo-files/demo.js", "JavaScript", 27, 0, 0, 0, 0, 0, 0, 0, 0, 0, 0, 6, 33
"/Users/alexeimairyn/Desktop/MakeLite/lims-admin/public/resources/fonts/font-icomoon/demo.html", "HTML", 0, 0, 0, 0, 0, 0, 7399, 0, 0, 0, 2, 494, 7895
"/Users/alexeimairyn/Desktop/MakeLite/lims-admin/public/resources/fonts/font-icomoon/fonts/icomoon.svg", "XML", 0, 0, 0, 0, 0, 0, 0, 501, 0, 0, 0, 0, 501
"/Users/alexeimairyn/Desktop/MakeLite/lims-admin/public/resources/fonts/font-icomoon/selection.json", "JSON", 0, 14886, 0, 0, 0, 0, 0, 0, 0, 0, 0, 0, 14886
"/Users/alexeimairyn/Desktop/MakeLite/lims-admin/public/resources/fonts/font-icomoon/style.css", "CSS", 0, 0, 0, 0, 0, 0, 0, 0, 1494, 0, 2, 5, 1501
"/Users/alexeimairyn/Desktop/MakeLite/lims-admin/public/resources/fonts/font-linearicons/demo-files/demo.css", "CSS", 0, 0, 0, 0, 0, 0, 0, 0, 150, 0, 0, 1, 151
"/Users/alexeimairyn/Desktop/MakeLite/lims-admin/public/resources/fonts/font-linearicons/demo-files/demo.js", "JavaScript", 27, 0, 0, 0, 0, 0, 0, 0, 0, 0, 0, 6, 33
"/Users/alexeimairyn/Desktop/MakeLite/lims-admin/public/resources/fonts/font-linearicons/demo.html", "HTML", 0, 0, 0, 0, 0, 0, 2585, 0, 0, 0, 2, 172, 2759
"/Users/alexeimairyn/Desktop/MakeLite/lims-admin/public/resources/fonts/font-linearicons/fonts/Linearicons-Free.svg", "XML", 0, 0, 0, 0, 0, 0, 0, 199, 0, 0, 0, 0, 199
"/Users/alexeimairyn/Desktop/MakeLite/lims-admin/public/resources/fonts/font-linearicons/selection.json", "JSON", 0, 6518, 0, 0, 0, 0, 0, 0, 0, 0, 0, 0, 6518
"/Users/alexeimairyn/Desktop/MakeLite/lims-admin/public/resources/fonts/font-linearicons/style.css", "CSS", 0, 0, 0, 0, 0, 0, 0, 0, 532, 0, 1, 4, 537
"/Users/alexeimairyn/Desktop/MakeLite/lims-admin/public/resources/images/icons/google-logo.svg", "XML", 0, 0, 0, 0, 0, 0, 0, 46, 0, 0, 1, 1, 48
"/Users/alexeimairyn/Desktop/MakeLite/lims-admin/public/resources/images/mirimus-light.svg", "XML", 0, 0, 0, 0, 0, 0, 0, 3, 0, 0, 0, 0, 3
"/Users/alexeimairyn/Desktop/MakeLite/lims-admin/public/resources/images/mirimus.svg", "XML", 0, 0, 0, 0, 0, 0, 0, 1, 0, 0, 0, 0, 1
"/Users/alexeimairyn/Desktop/MakeLite/lims-admin/public/resources/images/salivaclear.svg", "XML", 0, 0, 0, 0, 0, 0, 0, 1, 0, 0, 0, 0, 1
"/Users/alexeimairyn/Desktop/MakeLite/lims-admin/src/assets/TwoTone.jsx", "JavaScript React", 0, 0, 0, 0, 21, 0, 0, 0, 0, 0, 0, 3, 24
"/Users/alexeimairyn/Desktop/MakeLite/lims-admin/src/assets/barcode.svg", "XML", 0, 0, 0, 0, 0, 0, 0, 1, 0, 0, 0, 0, 1
"/Users/alexeimairyn/Desktop/MakeLite/lims-admin/src/assets/download.svg", "XML", 0, 0, 0, 0, 0, 0, 0, 1, 0, 0, 0, 0, 1
"/Users/alexeimairyn/Desktop/MakeLite/lims-admin/src/assets/empty.svg", "XML", 0, 0, 0, 0, 0, 0, 0, 1, 0, 0, 0, 0, 1
"/Users/alexeimairyn/Desktop/MakeLite/lims-admin/src/assets/index.js", "JavaScript", 6, 0, 0, 0, 0, 0, 0, 0, 0, 0, 0, 2, 8
"/Users/alexeimairyn/Desktop/MakeLite/lims-admin/src/assets/logo.svg", "XML", 0, 0, 0, 0, 0, 0, 0, 3, 0, 0, 0, 0, 3
"/Users/alexeimairyn/Desktop/MakeLite/lims-admin/src/assets/qr-code.svg", "XML", 0, 0, 0, 0, 0, 0, 0, 1, 0, 0, 0, 0, 1
"/Users/alexeimairyn/Desktop/MakeLite/lims-admin/src/assets/styles/airui/import/colors.scss", "SCSS", 0, 0, 0, 0, 0, 202, 0, 0, 0, 0, 6, 7, 215
"/Users/alexeimairyn/Desktop/MakeLite/lims-admin/src/assets/styles/airui/import/core.scss", "SCSS", 0, 0, 0, 0, 0, 53, 0, 0, 0, 0, 2, 10, 65
"/Users/alexeimairyn/Desktop/MakeLite/lims-admin/src/assets/styles/airui/import/layout.scss", "SCSS", 0, 0, 0, 0, 0, 60, 0, 0, 0, 0, 10, 15, 85
"/Users/alexeimairyn/Desktop/MakeLite/lims-admin/src/assets/styles/airui/import/measurements.scss", "SCSS", 0, 0, 0, 0, 0, 154, 0, 0, 0, 0, 5, 6, 165
"/Users/alexeimairyn/Desktop/MakeLite/lims-admin/src/assets/styles/airui/import/router.scss", "SCSS", 0, 0, 0, 0, 0, 68, 0, 0, 0, 0, 4, 20, 92
"/Users/alexeimairyn/Desktop/MakeLite/lims-admin/src/assets/styles/airui/import/utils.scss", "SCSS", 0, 0, 0, 0, 0, 652, 0, 0, 0, 0, 17, 67, 736
"/Users/alexeimairyn/Desktop/MakeLite/lims-admin/src/assets/styles/airui/style.scss", "SCSS", 0, 0, 0, 0, 0, 6, 0, 0, 0, 0, 0, 1, 7
"/Users/alexeimairyn/Desktop/MakeLite/lims-admin/src/assets/styles/antd/import/backtop.scss", "SCSS", 0, 0, 0, 0, 0, 12, 0, 0, 0, 0, 3, 5, 20
"/Users/alexeimairyn/Desktop/MakeLite/lims-admin/src/assets/styles/antd/import/badge.scss", "SCSS", 0, 0, 0, 0, 0, 4, 0, 0, 0, 0, 3, 3, 10
"/Users/alexeimairyn/Desktop/MakeLite/lims-admin/src/assets/styles/antd/import/calendar.scss", "SCSS", 0, 0, 0, 0, 0, 32, 0, 0, 0, 0, 3, 9, 44
"/Users/alexeimairyn/Desktop/MakeLite/lims-admin/src/assets/styles/antd/import/cascader.scss", "SCSS", 0, 0, 0, 0, 0, 4, 0, 0, 0, 0, 3, 3, 10
"/Users/alexeimairyn/Desktop/MakeLite/lims-admin/src/assets/styles/antd/import/dropdown.scss", "SCSS", 0, 0, 0, 0, 0, 29, 0, 0, 0, 0, 3, 9, 41
"/Users/alexeimairyn/Desktop/MakeLite/lims-admin/src/assets/styles/antd/import/form.scss", "SCSS", 0, 0, 0, 0, 0, 8, 0, 0, 0, 0, 24, 10, 42
"/Users/alexeimairyn/Desktop/MakeLite/lims-admin/src/assets/styles/antd/import/input.scss", "SCSS", 0, 0, 0, 0, 0, 4, 0, 0, 0, 0, 3, 3, 10
"/Users/alexeimairyn/Desktop/MakeLite/lims-admin/src/assets/styles/antd/import/layout.scss", "SCSS", 0, 0, 0, 0, 0, 22, 0, 0, 0, 0, 3, 7, 32
"/Users/alexeimairyn/Desktop/MakeLite/lims-admin/src/assets/styles/antd/import/menu.scss", "SCSS", 0, 0, 0, 0, 0, 9, 0, 0, 0, 0, 3, 4, 16
"/Users/alexeimairyn/Desktop/MakeLite/lims-admin/src/assets/styles/antd/import/modal.scss", "SCSS", 0, 0, 0, 0, 0, 4, 0, 0, 0, 0, 3, 3, 10
"/Users/alexeimairyn/Desktop/MakeLite/lims-admin/src/assets/styles/antd/import/notification.scss", "SCSS", 0, 0, 0, 0, 0, 4, 0, 0, 0, 0, 3, 3, 10
"/Users/alexeimairyn/Desktop/MakeLite/lims-admin/src/assets/styles/antd/import/progress.scss", "SCSS", 0, 0, 0, 0, 0, 4, 0, 0, 0, 0, 3, 3, 10
"/Users/alexeimairyn/Desktop/MakeLite/lims-admin/src/assets/styles/antd/import/select.scss", "SCSS", 0, 0, 0, 0, 0, 16, 0, 0, 0, 0, 3, 5, 24
"/Users/alexeimairyn/Desktop/MakeLite/lims-admin/src/assets/styles/antd/import/slider.scss", "SCSS", 0, 0, 0, 0, 0, 4, 0, 0, 0, 0, 3, 3, 10
"/Users/alexeimairyn/Desktop/MakeLite/lims-admin/src/assets/styles/antd/import/spin.scss", "SCSS", 0, 0, 0, 0, 0, 7, 0, 0, 0, 0, 3, 4, 14
"/Users/alexeimairyn/Desktop/MakeLite/lims-admin/src/assets/styles/antd/import/tabs.scss", "SCSS", 0, 0, 0, 0, 0, 96, 0, 0, 0, 0, 3, 19, 118
"/Users/alexeimairyn/Desktop/MakeLite/lims-admin/src/assets/styles/antd/style.scss", "SCSS", 0, 0, 0, 0, 0, 21, 0, 0, 0, 0, 1, 2, 24
"/Users/alexeimairyn/Desktop/MakeLite/lims-admin/src/assets/styles/mixins.scss", "SCSS", 0, 0, 0, 0, 0, 62, 0, 0, 0, 0, 10, 11, 83
"/Users/alexeimairyn/Desktop/MakeLite/lims-admin/src/assets/styles/nprogress/style.scss", "SCSS", 0, 0, 0, 0, 0, 81, 0, 0, 0, 0, 3, 16, 100
"/Users/alexeimairyn/Desktop/MakeLite/lims-admin/src/components/layout/Loader/index.jsx", "JavaScript React", 0, 0, 0, 0, 12, 0, 0, 0, 0, 0, 0, 3, 15
"/Users/alexeimairyn/Desktop/MakeLite/lims-admin/src/components/layout/Loader/style.module.scss", "SCSS", 0, 0, 0, 0, 0, 28, 0, 0, 0, 0, 0, 3, 31
"/Users/alexeimairyn/Desktop/MakeLite/lims-admin/src/components/layout/MenuLeft/index.jsx", "JavaScript React", 0, 0, 0, 0, 458, 0, 0, 0, 0, 0, 0, 25, 483
"/Users/alexeimairyn/Desktop/MakeLite/lims-admin/src/components/layout/MenuLeft/style.module.scss", "SCSS", 0, 0, 0, 0, 0, 965, 0, 0, 0, 0, 36, 92, 1093
"/Users/alexeimairyn/Desktop/MakeLite/lims-admin/src/components/layout/Sidebar/index.jsx", "JavaScript React", 0, 0, 0, 0, 424, 0, 0, 0, 0, 0, 0, 12, 436
"/Users/alexeimairyn/Desktop/MakeLite/lims-admin/src/components/layout/Sidebar/style.module.scss", "SCSS", 0, 0, 0, 0, 0, 158, 0, 0, 0, 0, 1, 28, 187
"/Users/alexeimairyn/Desktop/MakeLite/lims-admin/src/components/layout/SubBar/index.jsx", "JavaScript React", 0, 0, 0, 0, 58, 0, 0, 0, 0, 0, 0, 5, 63
"/Users/alexeimairyn/Desktop/MakeLite/lims-admin/src/components/layout/SubBar/style.module.scss", "SCSS", 0, 0, 0, 0, 0, 113, 0, 0, 0, 0, 1, 17, 131
"/Users/alexeimairyn/Desktop/MakeLite/lims-admin/src/components/layout/TopBar/UserMenu/index.jsx", "JavaScript React", 0, 0, 0, 0, 53, 0, 0, 0, 0, 0, 0, 8, 61
"/Users/alexeimairyn/Desktop/MakeLite/lims-admin/src/components/layout/TopBar/UserMenu/style.module.scss", "SCSS", 0, 0, 0, 0, 0, 48, 0, 0, 0, 0, 0, 9, 57
"/Users/alexeimairyn/Desktop/MakeLite/lims-admin/src/components/layout/TopBar/index.jsx", "JavaScript React", 0, 0, 0, 0, 29, 0, 0, 0, 0, 0, 0, 4, 33
"/Users/alexeimairyn/Desktop/MakeLite/lims-admin/src/components/layout/TopBar/style.module.scss", "SCSS", 0, 0, 0, 0, 0, 30, 0, 0, 0, 0, 0, 4, 34
"/Users/alexeimairyn/Desktop/MakeLite/lims-admin/src/components/system/Auth/ForgotPassword/index.jsx", "JavaScript React", 0, 0, 0, 0, 70, 0, 0, 0, 0, 0, 0, 7, 77
"/Users/alexeimairyn/Desktop/MakeLite/lims-admin/src/components/system/Auth/Login/index.jsx", "JavaScript React", 0, 0, 0, 0, 94, 0, 0, 0, 0, 0, 0, 6, 100
"/Users/alexeimairyn/Desktop/MakeLite/lims-admin/src/components/system/Auth/RegByEmail/index.jsx", "JavaScript React", 0, 0, 0, 0, 121, 0, 0, 0, 0, 0, 0, 14, 135
"/Users/alexeimairyn/Desktop/MakeLite/lims-admin/src/components/system/Auth/RestorePassword/index.jsx", "JavaScript React", 0, 0, 0, 0, 103, 0, 0, 0, 0, 0, 0, 9, 112
"/Users/alexeimairyn/Desktop/MakeLite/lims-admin/src/components/system/Auth/style.module.scss", "SCSS", 0, 0, 0, 0, 0, 60, 0, 0, 0, 0, 2, 12, 74
"/Users/alexeimairyn/Desktop/MakeLite/lims-admin/src/components/system/Errors/404/index.jsx", "JavaScript React", 0, 0, 0, 0, 22, 0, 0, 0, 0, 0, 0, 3, 25
"/Users/alexeimairyn/Desktop/MakeLite/lims-admin/src/components/system/Errors/500/index.jsx", "JavaScript React", 0, 0, 0, 0, 54, 0, 0, 0, 0, 0, 0, 3, 57
"/Users/alexeimairyn/Desktop/MakeLite/lims-admin/src/components/system/Errors/style.module.scss", "SCSS", 0, 0, 0, 0, 0, 20, 0, 0, 0, 0, 2, 5, 27
"/Users/alexeimairyn/Desktop/MakeLite/lims-admin/src/components/widgets/DefaultModal/index.jsx", "JavaScript React", 0, 0, 0, 0, 43, 0, 0, 0, 0, 0, 0, 7, 50
"/Users/alexeimairyn/Desktop/MakeLite/lims-admin/src/components/widgets/DefaultModal/styles.module.scss", "SCSS", 0, 0, 0, 0, 0, 7, 0, 0, 0, 0, 0, 2, 9
"/Users/alexeimairyn/Desktop/MakeLite/lims-admin/src/components/widgets/Drawers/index.jsx", "JavaScript React", 0, 0, 0, 0, 38, 0, 0, 0, 0, 0, 1, 6, 45
"/Users/alexeimairyn/Desktop/MakeLite/lims-admin/src/components/widgets/IntakeLog/IntakeReceiptLogModal/index.jsx", "JavaScript React", 0, 0, 0, 0, 236, 0, 0, 0, 0, 0, 0, 10, 246
"/Users/alexeimairyn/Desktop/MakeLite/lims-admin/src/components/widgets/IntakeLog/IntakeReceiptLogModal/styles.module.scss", "SCSS", 0, 0, 0, 0, 0, 28, 0, 0, 0, 0, 0, 5, 33
"/Users/alexeimairyn/Desktop/MakeLite/lims-admin/src/components/widgets/Inventory/ControlTube/index.jsx", "JavaScript React", 0, 0, 0, 0, 52, 0, 0, 0, 0, 0, 1, 3, 56
"/Users/alexeimairyn/Desktop/MakeLite/lims-admin/src/components/widgets/Inventory/ControlTube/styles.module.scss", "SCSS", 0, 0, 0, 0, 0, 31, 0, 0, 0, 0, 0, 8, 39
"/Users/alexeimairyn/Desktop/MakeLite/lims-admin/src/components/widgets/Inventory/index.js", "JavaScript", 1, 0, 0, 0, 0, 0, 0, 0, 0, 0, 1, 1, 3
"/Users/alexeimairyn/Desktop/MakeLite/lims-admin/src/components/widgets/Modals/Confirm/index.jsx", "JavaScript React", 0, 0, 0, 0, 27, 0, 0, 0, 0, 0, 0, 9, 36
"/Users/alexeimairyn/Desktop/MakeLite/lims-admin/src/components/widgets/Modals/HelperModal/index.jsx", "JavaScript React", 0, 0, 0, 0, 47, 0, 0, 0, 0, 0, 0, 10, 57
"/Users/alexeimairyn/Desktop/MakeLite/lims-admin/src/components/widgets/Modals/index.jsx", "JavaScript React", 0, 0, 0, 0, 25, 0, 0, 0, 0, 0, 0, 6, 31
"/Users/alexeimairyn/Desktop/MakeLite/lims-admin/src/components/widgets/Pools/PoolTable/index.jsx", "JavaScript React", 0, 0, 0, 0, 277, 0, 0, 0, 0, 0, 46, 15, 338
"/Users/alexeimairyn/Desktop/MakeLite/lims-admin/src/components/widgets/Pools/PoolTable/styles.module.scss", "SCSS", 0, 0, 0, 0, 0, 35, 0, 0, 0, 0, 0, 11, 46
"/Users/alexeimairyn/Desktop/MakeLite/lims-admin/src/components/widgets/Rackboard/index.jsx", "JavaScript React", 0, 0, 0, 0, 310, 0, 0, 0, 0, 0, 0, 17, 327
"/Users/alexeimairyn/Desktop/MakeLite/lims-admin/src/components/widgets/Rackboard/styles.module.scss", "SCSS", 0, 0, 0, 0, 0, 36, 0, 0, 0, 0, 0, 9, 45
"/Users/alexeimairyn/Desktop/MakeLite/lims-admin/src/components/widgets/Scans/InvalidateModal/index.jsx", "JavaScript React", 0, 0, 0, 0, 75, 0, 0, 0, 0, 0, 0, 5, 80
"/Users/alexeimairyn/Desktop/MakeLite/lims-admin/src/components/widgets/Scans/InvalidateModal/style.module.scss", "SCSS", 0, 0, 0, 0, 0, 22, 0, 0, 0, 0, 0, 6, 28
"/Users/alexeimairyn/Desktop/MakeLite/lims-admin/src/components/widgets/Scans/PoolStatistic/index.jsx", "JavaScript React", 0, 0, 0, 0, 53, 0, 0, 0, 0, 0, 0, 5, 58
"/Users/alexeimairyn/Desktop/MakeLite/lims-admin/src/components/widgets/Scans/ScanStatistic/index.jsx", "JavaScript React", 0, 0, 0, 0, 73, 0, 0, 0, 0, 0, 1, 5, 79
"/Users/alexeimairyn/Desktop/MakeLite/lims-admin/src/components/widgets/Scans/SessionStatistic/index.jsx", "JavaScript React", 0, 0, 0, 0, 83, 0, 0, 0, 0, 0, 1, 4, 88
"/Users/alexeimairyn/Desktop/MakeLite/lims-admin/src/components/widgets/Scans/styles.module.scss", "SCSS", 0, 0, 0, 0, 0, 28, 0, 0, 0, 0, 0, 5, 33
"/Users/alexeimairyn/Desktop/MakeLite/lims-admin/src/components/widgets/SingleSessionTable/index.jsx", "JavaScript React", 0, 0, 0, 0, 93, 0, 0, 0, 0, 0, 1, 7, 101
"/Users/alexeimairyn/Desktop/MakeLite/lims-admin/src/components/widgets/SingleSessionTable/styles.module.scss", "SCSS", 0, 0, 0, 0, 0, 13, 0, 0, 0, 0, 0, 5, 18
"/Users/alexeimairyn/Desktop/MakeLite/lims-admin/src/components/widgets/companies/CompanyModal/index.jsx", "JavaScript React", 0, 0, 0, 0, 166, 0, 0, 0, 0, 0, 1, 3, 170
"/Users/alexeimairyn/Desktop/MakeLite/lims-admin/src/components/widgets/companies/CompanyModal/styles.module.scss", "SCSS", 0, 0, 0, 0, 0, 31, 0, 0, 0, 0, 0, 8, 39
"/Users/alexeimairyn/Desktop/MakeLite/lims-admin/src/components/widgets/companies/ContactResultModal/index.jsx", "JavaScript React", 0, 0, 0, 0, 106, 0, 0, 0, 0, 0, 7, 10, 123
"/Users/alexeimairyn/Desktop/MakeLite/lims-admin/src/components/widgets/companies/ContactResultModal/styles.module.scss", "SCSS", 0, 0, 0, 0, 0, 40, 0, 0, 0, 0, 0, 10, 50
"/Users/alexeimairyn/Desktop/MakeLite/lims-admin/src/components/widgets/companies/index.js", "JavaScript", 2, 0, 0, 0, 0, 0, 0, 0, 0, 0, 1, 1, 4
"/Users/alexeimairyn/Desktop/MakeLite/lims-admin/src/global.scss", "SCSS", 0, 0, 0, 0, 0, 4, 0, 0, 0, 0, 0, 1, 5
"/Users/alexeimairyn/Desktop/MakeLite/lims-admin/src/hooks/useClickOutside.js", "JavaScript", 21, 0, 0, 0, 0, 0, 0, 0, 0, 0, 7, 6, 34
"/Users/alexeimairyn/Desktop/MakeLite/lims-admin/src/hooks/useKeyPress.js", "JavaScript", 24, 0, 0, 0, 0, 0, 0, 0, 0, 0, 1, 3, 28
"/Users/alexeimairyn/Desktop/MakeLite/lims-admin/src/hooks/useWindowSize.js", "JavaScript", 26, 0, 0, 0, 0, 0, 0, 0, 0, 0, 7, 9, 42
"/Users/alexeimairyn/Desktop/MakeLite/lims-admin/src/index.js", "JavaScript", 43, 0, 0, 0, 0, 0, 0, 0, 0, 0, 5, 6, 54
"/Users/alexeimairyn/Desktop/MakeLite/lims-admin/src/layouts/App/index.jsx", "JavaScript React", 0, 0, 0, 0, 74, 0, 0, 0, 0, 0, 0, 6, 80
"/Users/alexeimairyn/Desktop/MakeLite/lims-admin/src/layouts/App/styles.module.scss", "SCSS", 0, 0, 0, 0, 0, 5, 0, 0, 0, 0, 0, 1, 6
"/Users/alexeimairyn/Desktop/MakeLite/lims-admin/src/layouts/Auth/index.jsx", "JavaScript React", 0, 0, 0, 0, 17, 0, 0, 0, 0, 0, 0, 3, 20
"/Users/alexeimairyn/Desktop/MakeLite/lims-admin/src/layouts/Public/index.jsx", "JavaScript React", 0, 0, 0, 0, 10, 0, 0, 0, 0, 0, 0, 3, 13
"/Users/alexeimairyn/Desktop/MakeLite/lims-admin/src/layouts/index.jsx", "JavaScript React", 0, 0, 0, 0, 83, 0, 0, 0, 0, 0, 9, 12, 104
"/Users/alexeimairyn/Desktop/MakeLite/lims-admin/src/pages/AnalysisRuns/index.jsx", "JavaScript React", 0, 0, 0, 0, 154, 0, 0, 0, 0, 0, 0, 15, 169
"/Users/alexeimairyn/Desktop/MakeLite/lims-admin/src/pages/AnalysisRuns/styles.module.scss", "SCSS", 0, 0, 0, 0, 0, 16, 0, 0, 0, 0, 0, 6, 22
"/Users/alexeimairyn/Desktop/MakeLite/lims-admin/src/pages/Companies/Company/index.jsx", "JavaScript React", 0, 0, 0, 0, 277, 0, 0, 0, 0, 0, 0, 16, 293
"/Users/alexeimairyn/Desktop/MakeLite/lims-admin/src/pages/Companies/Company/styles.module.scss", "SCSS", 0, 0, 0, 0, 0, 19, 0, 0, 0, 0, 0, 7, 26
"/Users/alexeimairyn/Desktop/MakeLite/lims-admin/src/pages/Companies/index.jsx", "JavaScript React", 0, 0, 0, 0, 256, 0, 0, 0, 0, 0, 0, 20, 276
"/Users/alexeimairyn/Desktop/MakeLite/lims-admin/src/pages/Companies/styles.module.scss", "SCSS", 0, 0, 0, 0, 0, 50, 0, 0, 0, 0, 0, 10, 60
"/Users/alexeimairyn/Desktop/MakeLite/lims-admin/src/pages/Intake/index.jsx", "JavaScript React", 0, 0, 0, 0, 150, 0, 0, 0, 0, 0, 29, 14, 193
"/Users/alexeimairyn/Desktop/MakeLite/lims-admin/src/pages/Intake/run/index.jsx", "JavaScript React", 0, 0, 0, 0, 68, 0, 0, 0, 0, 0, 0, 12, 80
"/Users/alexeimairyn/Desktop/MakeLite/lims-admin/src/pages/Intake/run/styles.module.scss", "SCSS", 0, 0, 0, 0, 0, 24, 0, 0, 0, 0, 0, 4, 28
"/Users/alexeimairyn/Desktop/MakeLite/lims-admin/src/pages/Intake/styles.module.scss", "SCSS", 0, 0, 0, 0, 0, 20, 0, 0, 0, 0, 0, 3, 23
"/Users/alexeimairyn/Desktop/MakeLite/lims-admin/src/pages/IntakeLims/index.jsx", "JavaScript React", 0, 0, 0, 0, 97, 0, 0, 0, 0, 0, 2, 11, 110
"/Users/alexeimairyn/Desktop/MakeLite/lims-admin/src/pages/IntakeLims/run/index.jsx", "JavaScript React", 0, 0, 0, 0, 79, 0, 0, 0, 0, 0, 0, 13, 92
"/Users/alexeimairyn/Desktop/MakeLite/lims-admin/src/pages/IntakeLims/run/styles.module.scss", "SCSS", 0, 0, 0, 0, 0, 24, 0, 0, 0, 0, 0, 4, 28
"/Users/alexeimairyn/Desktop/MakeLite/lims-admin/src/pages/IntakeLims/styles.module.scss", "SCSS", 0, 0, 0, 0, 0, 20, 0, 0, 0, 0, 0, 3, 23
"/Users/alexeimairyn/Desktop/MakeLite/lims-admin/src/pages/IntakeReceiptLog/index.jsx", "JavaScript React", 0, 0, 0, 0, 220, 0, 0, 0, 0, 0, 2, 18, 240
"/Users/alexeimairyn/Desktop/MakeLite/lims-admin/src/pages/IntakeReceiptLog/styles.module.scss", "SCSS", 0, 0, 0, 0, 0, 16, 0, 0, 0, 0, 0, 3, 19
"/Users/alexeimairyn/Desktop/MakeLite/lims-admin/src/pages/Inventory/index.jsx", "JavaScript React", 0, 0, 0, 0, 206, 0, 0, 0, 0, 0, 0, 17, 223
"/Users/alexeimairyn/Desktop/MakeLite/lims-admin/src/pages/Inventory/styles.module.scss", "SCSS", 0, 0, 0, 0, 0, 54, 0, 0, 0, 0, 0, 11, 65
"/Users/alexeimairyn/Desktop/MakeLite/lims-admin/src/pages/Management/Company/index.jsx", "JavaScript React", 0, 0, 0, 0, 277, 0, 0, 0, 0, 0, 0, 16, 293
"/Users/alexeimairyn/Desktop/MakeLite/lims-admin/src/pages/Management/Company/styles.module.scss", "SCSS", 0, 0, 0, 0, 0, 19, 0, 0, 0, 0, 0, 7, 26
"/Users/alexeimairyn/Desktop/MakeLite/lims-admin/src/pages/Management/index.jsx", "JavaScript React", 0, 0, 0, 0, 352, 0, 0, 0, 0, 0, 0, 22, 374
"/Users/alexeimairyn/Desktop/MakeLite/lims-admin/src/pages/Management/styles.module.scss", "SCSS", 0, 0, 0, 0, 0, 54, 0, 0, 0, 0, 0, 11, 65
"/Users/alexeimairyn/Desktop/MakeLite/lims-admin/src/pages/PoolScan/index.jsx", "JavaScript React", 0, 0, 0, 0, 114, 0, 0, 0, 0, 0, 1, 13, 128
"/Users/alexeimairyn/Desktop/MakeLite/lims-admin/src/pages/PoolScan/styles.module.scss", "SCSS", 0, 0, 0, 0, 0, 41, 0, 0, 0, 0, 0, 4, 45
"/Users/alexeimairyn/Desktop/MakeLite/lims-admin/src/pages/Pools/index.jsx", "JavaScript React", 0, 0, 0, 0, 76, 0, 0, 0, 0, 0, 0, 12, 88
"/Users/alexeimairyn/Desktop/MakeLite/lims-admin/src/pages/Pools/styles.module.scss", "SCSS", 0, 0, 0, 0, 0, 22, 0, 0, 0, 0, 0, 7, 29
"/Users/alexeimairyn/Desktop/MakeLite/lims-admin/src/pages/Profile/index.jsx", "JavaScript React", 0, 0, 0, 0, 12, 0, 0, 0, 0, 0, 0, 3, 15
"/Users/alexeimairyn/Desktop/MakeLite/lims-admin/src/pages/Profile/style.module.scss", "SCSS", 0, 0, 0, 0, 0, 19, 0, 0, 0, 0, 0, 4, 23
"/Users/alexeimairyn/Desktop/MakeLite/lims-admin/src/pages/ProfileInfo/index.jsx", "JavaScript React", 0, 0, 0, 0, 91, 0, 0, 0, 0, 0, 0, 6, 97
"/Users/alexeimairyn/Desktop/MakeLite/lims-admin/src/pages/ProfileInfo/style.module.scss", "SCSS", 0, 0, 0, 0, 0, 36, 0, 0, 0, 0, 0, 9, 45
"/Users/alexeimairyn/Desktop/MakeLite/lims-admin/src/pages/RackScan/Labeled/index.jsx", "JavaScript React", 0, 0, 0, 0, 11, 0, 0, 0, 0, 0, 0, 3, 14
"/Users/alexeimairyn/Desktop/MakeLite/lims-admin/src/pages/RackScan/Labeled/styles.module.scss", "SCSS", 0, 0, 0, 0, 0, 7, 0, 0, 0, 0, 0, 2, 9
"/Users/alexeimairyn/Desktop/MakeLite/lims-admin/src/pages/RackScan/index.jsx", "JavaScript React", 0, 0, 0, 0, 133, 0, 0, 0, 0, 0, 0, 14, 147
"/Users/alexeimairyn/Desktop/MakeLite/lims-admin/src/pages/RackScan/styles.module.scss", "SCSS", 0, 0, 0, 0, 0, 44, 0, 0, 0, 0, 0, 10, 54
"/Users/alexeimairyn/Desktop/MakeLite/lims-admin/src/pages/RackScans/index.jsx", "JavaScript React", 0, 0, 0, 0, 219, 0, 0, 0, 0, 0, 0, 19, 238
"/Users/alexeimairyn/Desktop/MakeLite/lims-admin/src/pages/RackScans/styles.module.scss", "SCSS", 0, 0, 0, 0, 0, 22, 0, 0, 0, 0, 0, 7, 29
"/Users/alexeimairyn/Desktop/MakeLite/lims-admin/src/pages/Runs/index.jsx", "JavaScript React", 0, 0, 0, 0, 185, 0, 0, 0, 0, 0, 1, 15, 201
"/Users/alexeimairyn/Desktop/MakeLite/lims-admin/src/pages/Runs/run/index.jsx", "JavaScript React", 0, 0, 0, 0, 82, 0, 0, 0, 0, 0, 0, 13, 95
"/Users/alexeimairyn/Desktop/MakeLite/lims-admin/src/pages/Runs/run/styles.module.scss", "SCSS", 0, 0, 0, 0, 0, 24, 0, 0, 0, 0, 0, 4, 28
"/Users/alexeimairyn/Desktop/MakeLite/lims-admin/src/pages/Runs/styles.module.scss", "SCSS", 0, 0, 0, 0, 0, 24, 0, 0, 0, 0, 0, 4, 28
"/Users/alexeimairyn/Desktop/MakeLite/lims-admin/src/pages/Scan/Labeled/index.jsx", "JavaScript React", 0, 0, 0, 0, 11, 0, 0, 0, 0, 0, 0, 3, 14
"/Users/alexeimairyn/Desktop/MakeLite/lims-admin/src/pages/Scan/Labeled/styles.module.scss", "SCSS", 0, 0, 0, 0, 0, 7, 0, 0, 0, 0, 0, 2, 9
"/Users/alexeimairyn/Desktop/MakeLite/lims-admin/src/pages/Scan/index.jsx", "JavaScript React", 0, 0, 0, 0, 650, 0, 0, 0, 0, 0, 3, 47, 700
"/Users/alexeimairyn/Desktop/MakeLite/lims-admin/src/pages/Scan/styles.module.scss", "SCSS", 0, 0, 0, 0, 0, 90, 0, 0, 0, 0, 0, 19, 109
"/Users/alexeimairyn/Desktop/MakeLite/lims-admin/src/pages/ScanSession/index.jsx", "JavaScript React", 0, 0, 0, 0, 152, 0, 0, 0, 0, 0, 1, 22, 175
"/Users/alexeimairyn/Desktop/MakeLite/lims-admin/src/pages/ScanSession/styles.module.scss", "SCSS", 0, 0, 0, 0, 0, 6, 0, 0, 0, 0, 0, 2, 8
"/Users/alexeimairyn/Desktop/MakeLite/lims-admin/src/pages/ScanSession/utils.js", "JavaScript", 8, 0, 0, 0, 0, 0, 0, 0, 0, 0, 0, 2, 10
"/Users/alexeimairyn/Desktop/MakeLite/lims-admin/src/pages/ScanSessions/index.jsx", "JavaScript React", 0, 0, 0, 0, 325, 0, 0, 0, 0, 0, 1, 32, 358
"/Users/alexeimairyn/Desktop/MakeLite/lims-admin/src/pages/ScanSessions/styles.module.scss", "SCSS", 0, 0, 0, 0, 0, 19, 0, 0, 0, 0, 0, 6, 25
"/Users/alexeimairyn/Desktop/MakeLite/lims-admin/src/pages/Search/index.jsx", "JavaScript React", 0, 0, 0, 0, 98, 0, 0, 0, 0, 0, 0, 10, 108
"/Users/alexeimairyn/Desktop/MakeLite/lims-admin/src/pages/Search/styles.module.scss", "SCSS", 0, 0, 0, 0, 0, 20, 0, 0, 0, 0, 0, 5, 25
"/Users/alexeimairyn/Desktop/MakeLite/lims-admin/src/pages/Settings/Permissions/index.jsx", "JavaScript React", 0, 0, 0, 0, 309, 0, 0, 0, 0, 0, 1, 10, 320
"/Users/alexeimairyn/Desktop/MakeLite/lims-admin/src/pages/Settings/Permissions/styles.module.scss", "SCSS", 0, 0, 0, 0, 0, 12, 0, 0, 0, 0, 0, 3, 15
"/Users/alexeimairyn/Desktop/MakeLite/lims-admin/src/pages/TemplateGeneration/LayoutStage/index.jsx", "JavaScript React", 0, 0, 0, 0, 118, 0, 0, 0, 0, 0, 1, 12, 131
"/Users/alexeimairyn/Desktop/MakeLite/lims-admin/src/pages/TemplateGeneration/LayoutStage/styles.module.scss", "SCSS", 0, 0, 0, 0, 0, 9, 0, 0, 0, 0, 0, 3, 12
"/Users/alexeimairyn/Desktop/MakeLite/lims-admin/src/pages/TemplateGeneration/LayoutStage/utils.js", "JavaScript", 9, 0, 0, 0, 0, 0, 0, 0, 0, 0, 0, 2, 11
"/Users/alexeimairyn/Desktop/MakeLite/lims-admin/src/pages/TemplateGeneration/PoolRacksStage/PoolRack/index.jsx", "JavaScript React", 0, 0, 0, 0, 64, 0, 0, 0, 0, 0, 3, 9, 76
"/Users/alexeimairyn/Desktop/MakeLite/lims-admin/src/pages/TemplateGeneration/PoolRacksStage/PoolRack/styles.module.scss", "SCSS", 0, 0, 0, 0, 0, 1, 0, 0, 0, 0, 0, 1, 2
"/Users/alexeimairyn/Desktop/MakeLite/lims-admin/src/pages/TemplateGeneration/PoolRacksStage/PoolRackTable/index.jsx", "JavaScript React", 0, 0, 0, 0, 196, 0, 0, 0, 0, 0, 41, 28, 265
"/Users/alexeimairyn/Desktop/MakeLite/lims-admin/src/pages/TemplateGeneration/PoolRacksStage/PoolRackTable/styles.module.scss", "SCSS", 0, 0, 0, 0, 0, 15, 0, 0, 0, 0, 0, 5, 20
"/Users/alexeimairyn/Desktop/MakeLite/lims-admin/src/pages/TemplateGeneration/PoolRacksStage/index.jsx", "JavaScript React", 0, 0, 0, 0, 142, 0, 0, 0, 0, 0, 2, 19, 163
"/Users/alexeimairyn/Desktop/MakeLite/lims-admin/src/pages/TemplateGeneration/PoolRacksStage/styles.module.scss", "SCSS", 0, 0, 0, 0, 0, 6, 0, 0, 0, 0, 0, 2, 8
"/Users/alexeimairyn/Desktop/MakeLite/lims-admin/src/pages/TemplateGeneration/RunStage/index.jsx", "JavaScript React", 0, 0, 0, 0, 75, 0, 0, 0, 0, 0, 1, 9, 85
"/Users/alexeimairyn/Desktop/MakeLite/lims-admin/src/pages/TemplateGeneration/RunStage/styles.module.scss", "SCSS", 0, 0, 0, 0, 0, 1, 0, 0, 0, 0, 0, 1, 2
"/Users/alexeimairyn/Desktop/MakeLite/lims-admin/src/pages/TemplateGeneration/RunStage/utils.js", "JavaScript", 7, 0, 0, 0, 0, 0, 0, 0, 0, 0, 0, 2, 9
"/Users/alexeimairyn/Desktop/MakeLite/lims-admin/src/pages/TemplateGeneration/index.jsx", "JavaScript React", 0, 0, 0, 0, 109, 0, 0, 0, 0, 0, 1, 14, 124
"/Users/alexeimairyn/Desktop/MakeLite/lims-admin/src/pages/TemplateGeneration/params.js", "JavaScript", 7, 0, 0, 0, 0, 0, 0, 0, 0, 0, 0, 2, 9
"/Users/alexeimairyn/Desktop/MakeLite/lims-admin/src/pages/TemplateGeneration/styles.module.scss", "SCSS", 0, 0, 0, 0, 0, 17, 0, 0, 0, 0, 0, 3, 20
"/Users/alexeimairyn/Desktop/MakeLite/lims-admin/src/pages/password/index.jsx", "JavaScript React", 0, 0, 0, 0, 103, 0, 0, 0, 0, 0, 0, 8, 111
"/Users/alexeimairyn/Desktop/MakeLite/lims-admin/src/pages/password/style.module.scss", "SCSS", 0, 0, 0, 0, 0, 36, 0, 0, 0, 0, 0, 9, 45
"/Users/alexeimairyn/Desktop/MakeLite/lims-admin/src/pages/system/404/index.jsx", "JavaScript React", 0, 0, 0, 0, 14, 0, 0, 0, 0, 0, 0, 3, 17
"/Users/alexeimairyn/Desktop/MakeLite/lims-admin/src/pages/system/500/index.jsx", "JavaScript React", 0, 0, 0, 0, 14, 0, 0, 0, 0, 0, 0, 3, 17
"/Users/alexeimairyn/Desktop/MakeLite/lims-admin/src/pages/system/forgot-password/index.jsx", "JavaScript React", 0, 0, 0, 0, 14, 0, 0, 0, 0, 0, 0, 3, 17
"/Users/alexeimairyn/Desktop/MakeLite/lims-admin/src/pages/system/login/index.jsx", "JavaScript React", 0, 0, 0, 0, 14, 0, 0, 0, 0, 0, 0, 3, 17
"/Users/alexeimairyn/Desktop/MakeLite/lims-admin/src/pages/system/reg-by-email/index.jsx", "JavaScript React", 0, 0, 0, 0, 14, 0, 0, 0, 0, 0, 0, 3, 17
"/Users/alexeimairyn/Desktop/MakeLite/lims-admin/src/pages/system/restore-password/index.jsx", "JavaScript React", 0, 0, 0, 0, 14, 0, 0, 0, 0, 0, 0, 3, 17
"/Users/alexeimairyn/Desktop/MakeLite/lims-admin/src/redux/analysisRuns/actions.js", "JavaScript", 6, 0, 0, 0, 0, 0, 0, 0, 0, 0, 0, 2, 8
"/Users/alexeimairyn/Desktop/MakeLite/lims-admin/src/redux/analysisRuns/reducers.js", "JavaScript", 41, 0, 0, 0, 0, 0, 0, 0, 0, 0, 1, 4, 46
"/Users/alexeimairyn/Desktop/MakeLite/lims-admin/src/redux/analysisRuns/sagas.js", "JavaScript", 21, 0, 0, 0, 0, 0, 0, 0, 0, 0, 0, 4, 25
"/Users/alexeimairyn/Desktop/MakeLite/lims-admin/src/redux/companies/actions.js", "JavaScript", 31, 0, 0, 0, 0, 0, 0, 0, 0, 0, 0, 11, 42
"/Users/alexeimairyn/Desktop/MakeLite/lims-admin/src/redux/companies/reducers.js", "JavaScript", 201, 0, 0, 0, 0, 0, 0, 0, 0, 0, 0, 5, 206
"/Users/alexeimairyn/Desktop/MakeLite/lims-admin/src/redux/companies/sagas.js", "JavaScript", 117, 0, 0, 0, 0, 0, 0, 0, 0, 0, 0, 13, 130
"/Users/alexeimairyn/Desktop/MakeLite/lims-admin/src/redux/drawer/actions.js", "JavaScript", 8, 0, 0, 0, 0, 0, 0, 0, 0, 0, 0, 3, 11
"/Users/alexeimairyn/Desktop/MakeLite/lims-admin/src/redux/drawer/reducers.js", "JavaScript", 50, 0, 0, 0, 0, 0, 0, 0, 0, 0, 0, 3, 53
"/Users/alexeimairyn/Desktop/MakeLite/lims-admin/src/redux/factories/generateRequestActions.js", "JavaScript", 22, 0, 0, 0, 0, 0, 0, 0, 0, 0, 0, 6, 28
"/Users/alexeimairyn/Desktop/MakeLite/lims-admin/src/redux/factories/single.js", "JavaScript", 30, 0, 0, 0, 0, 0, 0, 0, 0, 0, 0, 2, 32
"/Users/alexeimairyn/Desktop/MakeLite/lims-admin/src/redux/helpers/actions.js", "JavaScript", 5, 0, 0, 0, 0, 0, 0, 0, 0, 0, 0, 3, 8
"/Users/alexeimairyn/Desktop/MakeLite/lims-admin/src/redux/helpers/reducers.js", "JavaScript", 14, 0, 0, 0, 0, 0, 0, 0, 0, 0, 0, 3, 17
"/Users/alexeimairyn/Desktop/MakeLite/lims-admin/src/redux/helpers/sagas.js", "JavaScript", 14, 0, 0, 0, 0, 0, 0, 0, 0, 0, 0, 3, 17
"/Users/alexeimairyn/Desktop/MakeLite/lims-admin/src/redux/intake/actions.js", "JavaScript", 6, 0, 0, 0, 0, 0, 0, 0, 0, 0, 0, 2, 8
"/Users/alexeimairyn/Desktop/MakeLite/lims-admin/src/redux/intake/reducers.js", "JavaScript", 33, 0, 0, 0, 0, 0, 0, 0, 0, 0, 0, 3, 36
"/Users/alexeimairyn/Desktop/MakeLite/lims-admin/src/redux/intake/sagas.js", "JavaScript", 21, 0, 0, 0, 0, 0, 0, 0, 0, 0, 0, 4, 25
"/Users/alexeimairyn/Desktop/MakeLite/lims-admin/src/redux/intake/selector.js", "JavaScript", 1, 0, 0, 0, 0, 0, 0, 0, 0, 0, 0, 1, 2
"/Users/alexeimairyn/Desktop/MakeLite/lims-admin/src/redux/intakeLims/actions.js", "JavaScript", 6, 0, 0, 0, 0, 0, 0, 0, 0, 0, 0, 2, 8
"/Users/alexeimairyn/Desktop/MakeLite/lims-admin/src/redux/intakeLims/reducers.js", "JavaScript", 39, 0, 0, 0, 0, 0, 0, 0, 0, 0, 0, 3, 42
"/Users/alexeimairyn/Desktop/MakeLite/lims-admin/src/redux/intakeLims/sagas.js", "JavaScript", 22, 0, 0, 0, 0, 0, 0, 0, 0, 0, 0, 3, 25
"/Users/alexeimairyn/Desktop/MakeLite/lims-admin/src/redux/intakeLims/selector.js", "JavaScript", 1, 0, 0, 0, 0, 0, 0, 0, 0, 0, 0, 1, 2
"/Users/alexeimairyn/Desktop/MakeLite/lims-admin/src/redux/intakeReceiptLog/actions.js", "JavaScript", 6, 0, 0, 0, 0, 0, 0, 0, 0, 0, 0, 3, 9
"/Users/alexeimairyn/Desktop/MakeLite/lims-admin/src/redux/intakeReceiptLog/reducers.js", "JavaScript", 82, 0, 0, 0, 0, 0, 0, 0, 0, 0, 0, 4, 86
"/Users/alexeimairyn/Desktop/MakeLite/lims-admin/src/redux/intakeReceiptLog/sagas.js", "JavaScript", 85, 0, 0, 0, 0, 0, 0, 0, 0, 0, 0, 18, 103
"/Users/alexeimairyn/Desktop/MakeLite/lims-admin/src/redux/inventory/actions.js", "JavaScript", 6, 0, 0, 0, 0, 0, 0, 0, 0, 0, 0, 3, 9
"/Users/alexeimairyn/Desktop/MakeLite/lims-admin/src/redux/inventory/reducers.js", "JavaScript", 69, 0, 0, 0, 0, 0, 0, 0, 0, 0, 0, 5, 74
"/Users/alexeimairyn/Desktop/MakeLite/lims-admin/src/redux/inventory/sagas.js", "JavaScript", 59, 0, 0, 0, 0, 0, 0, 0, 0, 0, 0, 8, 67
"/Users/alexeimairyn/Desktop/MakeLite/lims-admin/src/redux/management/actions.js", "JavaScript", 26, 0, 0, 0, 0, 0, 0, 0, 0, 0, 0, 8, 34
"/Users/alexeimairyn/Desktop/MakeLite/lims-admin/src/redux/management/reducers.js", "JavaScript", 133, 0, 0, 0, 0, 0, 0, 0, 0, 0, 5, 5, 143
"/Users/alexeimairyn/Desktop/MakeLite/lims-admin/src/redux/management/sagas.js", "JavaScript", 77, 0, 0, 0, 0, 0, 0, 0, 0, 0, 0, 9, 86
"/Users/alexeimairyn/Desktop/MakeLite/lims-admin/src/redux/menu/actions.js", "JavaScript", 5, 0, 0, 0, 0, 0, 0, 0, 0, 0, 0, 2, 7
"/Users/alexeimairyn/Desktop/MakeLite/lims-admin/src/redux/menu/reducers.js", "JavaScript", 12, 0, 0, 0, 0, 0, 0, 0, 0, 0, 0, 3, 15
"/Users/alexeimairyn/Desktop/MakeLite/lims-admin/src/redux/menu/sagas.js", "JavaScript", 18, 0, 0, 0, 0, 0, 0, 0, 0, 0, 0, 4, 22
"/Users/alexeimairyn/Desktop/MakeLite/lims-admin/src/redux/modal/actions.js", "JavaScript", 12, 0, 0, 0, 0, 0, 0, 0, 0, 0, 0, 3, 15
"/Users/alexeimairyn/Desktop/MakeLite/lims-admin/src/redux/modal/reducers.js", "JavaScript", 65, 0, 0, 0, 0, 0, 0, 0, 0, 0, 0, 2, 67
"/Users/alexeimairyn/Desktop/MakeLite/lims-admin/src/redux/pools/actions.js", "JavaScript", 21, 0, 0, 0, 0, 0, 0, 0, 0, 0, 0, 7, 28
"/Users/alexeimairyn/Desktop/MakeLite/lims-admin/src/redux/pools/reducers.js", "JavaScript", 212, 0, 0, 0, 0, 0, 0, 0, 0, 0, 5, 10, 227
"/Users/alexeimairyn/Desktop/MakeLite/lims-admin/src/redux/pools/sagas.js", "JavaScript", 131, 0, 0, 0, 0, 0, 0, 0, 0, 0, 0, 15, 146
"/Users/alexeimairyn/Desktop/MakeLite/lims-admin/src/redux/racks/actions.js", "JavaScript", 9, 0, 0, 0, 0, 0, 0, 0, 0, 0, 0, 3, 12
"/Users/alexeimairyn/Desktop/MakeLite/lims-admin/src/redux/racks/reducers.js", "JavaScript", 147, 0, 0, 0, 0, 0, 0, 0, 0, 0, 0, 8, 155
"/Users/alexeimairyn/Desktop/MakeLite/lims-admin/src/redux/racks/sagas.js", "JavaScript", 101, 0, 0, 0, 0, 0, 0, 0, 0, 0, 0, 18, 119
"/Users/alexeimairyn/Desktop/MakeLite/lims-admin/src/redux/racks/selectors.js", "JavaScript", 1, 0, 0, 0, 0, 0, 0, 0, 0, 0, 0, 1, 2
"/Users/alexeimairyn/Desktop/MakeLite/lims-admin/src/redux/reducers.js", "JavaScript", 48, 0, 0, 0, 0, 0, 0, 0, 0, 0, 0, 2, 50
"/Users/alexeimairyn/Desktop/MakeLite/lims-admin/src/redux/runs/actions.js", "JavaScript", 9, 0, 0, 0, 0, 0, 0, 0, 0, 0, 0, 2, 11
"/Users/alexeimairyn/Desktop/MakeLite/lims-admin/src/redux/runs/reducers.js", "JavaScript", 84, 0, 0, 0, 0, 0, 0, 0, 0, 0, 2, 4, 90
"/Users/alexeimairyn/Desktop/MakeLite/lims-admin/src/redux/runs/sagas.js", "JavaScript", 46, 0, 0, 0, 0, 0, 0, 0, 0, 0, 0, 6, 52
"/Users/alexeimairyn/Desktop/MakeLite/lims-admin/src/redux/sagas.js", "JavaScript", 41, 0, 0, 0, 0, 0, 0, 0, 0, 0, 0, 2, 43
"/Users/alexeimairyn/Desktop/MakeLite/lims-admin/src/redux/scanSessions/actions.js", "JavaScript", 21, 0, 0, 0, 0, 0, 0, 0, 0, 0, 0, 3, 24
"/Users/alexeimairyn/Desktop/MakeLite/lims-admin/src/redux/scanSessions/reducers.js", "JavaScript", 429, 0, 0, 0, 0, 0, 0, 0, 0, 0, 0, 29, 458
"/Users/alexeimairyn/Desktop/MakeLite/lims-admin/src/redux/scanSessions/sagas.js", "JavaScript", 552, 0, 0, 0, 0, 0, 0, 0, 0, 0, 0, 83, 635
"/Users/alexeimairyn/Desktop/MakeLite/lims-admin/src/redux/scanSessions/selectors.js", "JavaScript", 6, 0, 0, 0, 0, 0, 0, 0, 0, 0, 0, 3, 9
"/Users/alexeimairyn/Desktop/MakeLite/lims-admin/src/redux/scanners/actions.js", "JavaScript", 5, 0, 0, 0, 0, 0, 0, 0, 0, 0, 0, 3, 8
"/Users/alexeimairyn/Desktop/MakeLite/lims-admin/src/redux/scanners/reducers.js", "JavaScript", 36, 0, 0, 0, 0, 0, 0, 0, 0, 0, 0, 4, 40
"/Users/alexeimairyn/Desktop/MakeLite/lims-admin/src/redux/scanners/sagas.js", "JavaScript", 25, 0, 0, 0, 0, 0, 0, 0, 0, 0, 0, 5, 30
"/Users/alexeimairyn/Desktop/MakeLite/lims-admin/src/redux/search/actions.js", "JavaScript", 6, 0, 0, 0, 0, 0, 0, 0, 0, 0, 0, 2, 8
"/Users/alexeimairyn/Desktop/MakeLite/lims-admin/src/redux/search/reducers.js", "JavaScript", 34, 0, 0, 0, 0, 0, 0, 0, 0, 0, 0, 3, 37
"/Users/alexeimairyn/Desktop/MakeLite/lims-admin/src/redux/search/sagas.js", "JavaScript", 26, 0, 0, 0, 0, 0, 0, 0, 0, 0, 0, 4, 30
"/Users/alexeimairyn/Desktop/MakeLite/lims-admin/src/redux/settings/actions.js", "JavaScript", 5, 0, 0, 0, 0, 0, 0, 0, 0, 0, 0, 2, 7
"/Users/alexeimairyn/Desktop/MakeLite/lims-admin/src/redux/settings/reducers.js", "JavaScript", 45, 0, 0, 0, 0, 0, 0, 0, 0, 0, 0, 5, 50
"/Users/alexeimairyn/Desktop/MakeLite/lims-admin/src/redux/settings/sagas.js", "JavaScript", 71, 0, 0, 0, 0, 0, 0, 0, 0, 0, 3, 7, 81
"/Users/alexeimairyn/Desktop/MakeLite/lims-admin/src/redux/templateGeneration/actions.js", "JavaScript", 5, 0, 0, 0, 0, 0, 0, 0, 0, 0, 0, 3, 8
"/Users/alexeimairyn/Desktop/MakeLite/lims-admin/src/redux/templateGeneration/reducers.js", "JavaScript", 30, 0, 0, 0, 0, 0, 0, 0, 0, 0, 0, 4, 34
"/Users/alexeimairyn/Desktop/MakeLite/lims-admin/src/redux/templateGeneration/sagas.js", "JavaScript", 46, 0, 0, 0, 0, 0, 0, 0, 0, 0, 0, 9, 55
"/Users/alexeimairyn/Desktop/MakeLite/lims-admin/src/redux/timeline/actions.js", "JavaScript", 9, 0, 0, 0, 0, 0, 0, 0, 0, 0, 0, 3, 12
"/Users/alexeimairyn/Desktop/MakeLite/lims-admin/src/redux/timeline/reducers.js", "JavaScript", 59, 0, 0, 0, 0, 0, 0, 0, 0, 0, 0, 7, 66
"/Users/alexeimairyn/Desktop/MakeLite/lims-admin/src/redux/timeline/sagas.js", "JavaScript", 28, 0, 0, 0, 0, 0, 0, 0, 0, 0, 0, 4, 32
"/Users/alexeimairyn/Desktop/MakeLite/lims-admin/src/redux/user/actions.js", "JavaScript", 30, 0, 0, 0, 0, 0, 0, 0, 0, 0, 0, 4, 34
"/Users/alexeimairyn/Desktop/MakeLite/lims-admin/src/redux/user/reducers.js", "JavaScript", 105, 0, 0, 0, 0, 0, 0, 0, 0, 0, 0, 6, 111
"/Users/alexeimairyn/Desktop/MakeLite/lims-admin/src/redux/user/sagas.js", "JavaScript", 259, 0, 0, 0, 0, 0, 0, 0, 0, 0, 0, 44, 303
"/Users/alexeimairyn/Desktop/MakeLite/lims-admin/src/redux/userSettings/actions.js", "JavaScript", 4, 0, 0, 0, 0, 0, 0, 0, 0, 0, 0, 2, 6
"/Users/alexeimairyn/Desktop/MakeLite/lims-admin/src/redux/userSettings/reducers.js", "JavaScript", 68, 0, 0, 0, 0, 0, 0, 0, 0, 0, 0, 7, 75
"/Users/alexeimairyn/Desktop/MakeLite/lims-admin/src/router.js", "JavaScript", 157, 0, 0, 0, 0, 0, 0, 0, 0, 0, 12, 6, 175
"/Users/alexeimairyn/Desktop/MakeLite/lims-admin/src/serviceWorker.js", "JavaScript", 92, 0, 0, 0, 0, 0, 0, 0, 0, 0, 31, 13, 136
"/Users/alexeimairyn/Desktop/MakeLite/lims-admin/src/services/analysisRuns.js", "JavaScript", 13, 0, 0, 0, 0, 0, 0, 0, 0, 0, 0, 2, 15
"/Users/alexeimairyn/Desktop/MakeLite/lims-admin/src/services/companies.js", "JavaScript", 46, 0, 0, 0, 0, 0, 0, 0, 0, 0, 0, 9, 55
"/Users/alexeimairyn/Desktop/MakeLite/lims-admin/src/services/customers.js", "JavaScript", 38, 0, 0, 0, 0, 0, 0, 0, 0, 0, 0, 10, 48
"/Users/alexeimairyn/Desktop/MakeLite/lims-admin/src/services/helpersRequests.js", "JavaScript", 25, 0, 0, 0, 0, 0, 0, 0, 0, 0, 1, 4, 30
"/Users/alexeimairyn/Desktop/MakeLite/lims-admin/src/services/hijack.js", "JavaScript", 4, 0, 0, 0, 0, 0, 0, 0, 0, 0, 0, 2, 6
"/Users/alexeimairyn/Desktop/MakeLite/lims-admin/src/services/intake.js", "JavaScript", 35, 0, 0, 0, 0, 0, 0, 0, 0, 0, 0, 5, 40
"/Users/alexeimairyn/Desktop/MakeLite/lims-admin/src/services/intakeLims.js", "JavaScript", 13, 0, 0, 0, 0, 0, 0, 0, 0, 0, 0, 2, 15
"/Users/alexeimairyn/Desktop/MakeLite/lims-admin/src/services/intakeReceiptLog.js", "JavaScript", 38, 0, 0, 0, 0, 0, 0, 0, 0, 0, 0, 4, 42
"/Users/alexeimairyn/Desktop/MakeLite/lims-admin/src/services/inventory.js", "JavaScript", 19, 0, 0, 0, 0, 0, 0, 0, 0, 0, 0, 4, 23
"/Users/alexeimairyn/Desktop/MakeLite/lims-admin/src/services/management.js", "JavaScript", 38, 0, 0, 0, 0, 0, 0, 0, 0, 0, 0, 8, 46
"/Users/alexeimairyn/Desktop/MakeLite/lims-admin/src/services/menu.js", "JavaScript", 108, 0, 0, 0, 0, 0, 0, 0, 0, 0, 75, 2, 185
"/Users/alexeimairyn/Desktop/MakeLite/lims-admin/src/services/pools.js", "JavaScript", 76, 0, 0, 0, 0, 0, 0, 0, 0, 0, 0, 7, 83
"/Users/alexeimairyn/Desktop/MakeLite/lims-admin/src/services/racks.js", "JavaScript", 34, 0, 0, 0, 0, 0, 0, 0, 0, 0, 0, 7, 41
"/Users/alexeimairyn/Desktop/MakeLite/lims-admin/src/services/runs.js", "JavaScript", 23, 0, 0, 0, 0, 0, 0, 0, 0, 0, 0, 3, 26
"/Users/alexeimairyn/Desktop/MakeLite/lims-admin/src/services/scanSessions.js", "JavaScript", 61, 0, 0, 0, 0, 0, 0, 0, 0, 0, 0, 12, 73
"/Users/alexeimairyn/Desktop/MakeLite/lims-admin/src/services/scanners.js", "JavaScript", 9, 0, 0, 0, 0, 0, 0, 0, 0, 0, 1, 3, 13
"/Users/alexeimairyn/Desktop/MakeLite/lims-admin/src/services/scans.js", "JavaScript", 56, 0, 0, 0, 0, 0, 0, 0, 0, 0, 0, 11, 67
"/Users/alexeimairyn/Desktop/MakeLite/lims-admin/src/services/search.js", "JavaScript", 13, 0, 0, 0, 0, 0, 0, 0, 0, 0, 0, 2, 15
"/Users/alexeimairyn/Desktop/MakeLite/lims-admin/src/services/templateGeneration.js", "JavaScript", 31, 0, 0, 0, 0, 0, 0, 0, 0, 0, 0, 6, 37
"/Users/alexeimairyn/Desktop/MakeLite/lims-admin/src/services/timeline.js", "JavaScript", 27, 0, 0, 0, 0, 0, 0, 0, 0, 0, 0, 5, 32
"/Users/alexeimairyn/Desktop/MakeLite/lims-admin/src/services/user.js", "JavaScript", 65, 0, 0, 0, 0, 0, 0, 0, 0, 0, 0, 18, 83
"/Users/alexeimairyn/Desktop/MakeLite/lims-admin/src/theme.js", "JavaScript", 41, 0, 0, 0, 0, 0, 0, 0, 0, 0, 3, 10, 54
"/Users/alexeimairyn/Desktop/MakeLite/lims-admin/src/utils/axiosClient.js", "JavaScript", 22, 0, 0, 0, 0, 0, 0, 0, 0, 0, 18, 9, 49
"/Users/alexeimairyn/Desktop/MakeLite/lims-admin/src/utils/constants.js", "JavaScript", 378, 0, 0, 0, 0, 0, 0, 0, 0, 0, 3, 1, 382
"/Users/alexeimairyn/Desktop/MakeLite/lims-admin/src/utils/cookie.js", "JavaScript", 19, 0, 0, 0, 0, 0, 0, 0, 0, 0, 2, 5, 26
"/Users/alexeimairyn/Desktop/MakeLite/lims-admin/src/utils/highlightingResult.js", "JavaScript", 51, 0, 0, 0, 0, 0, 0, 0, 0, 0, 10, 3, 64
"/Users/alexeimairyn/Desktop/MakeLite/lims-admin/src/utils/mockClient.js", "JavaScript", 5, 0, 0, 0, 0, 0, 0, 0, 0, 0, 0, 3, 8
"/Users/alexeimairyn/Desktop/MakeLite/lims-admin/src/utils/nameWithExtension.js", "JavaScript", 10, 0, 0, 0, 0, 0, 0, 0, 0, 0, 0, 3, 13
"/Users/alexeimairyn/Desktop/MakeLite/lims-admin/src/utils/rules.js", "JavaScript", 7, 0, 0, 0, 0, 0, 0, 0, 0, 0, 0, 2, 9
"/Users/alexeimairyn/Desktop/MakeLite/lims-admin/src/utils/saveAsBlob.js", "JavaScript", 13, 0, 0, 0, 0, 0, 0, 0, 0, 0, 2, 6, 21
"/Users/alexeimairyn/Desktop/MakeLite/lims-admin/src/utils/tubesRules.js", "JavaScript", 24, 0, 0, 0, 0, 0, 0, 0, 0, 0, 0, 6, 30
"Total", "-", 5947, 28535, 562, 4, 8902, 5872, 14043, 3708, 5624, 1758, 637, 3334, 78926